Workbook

Sheet Allprovinces
A1: region | B1: province | C1: 1995 | D1: 1996 | E1: 1997 | F1: 1998 | G1: 1999 | H1: 2000 | I1: 2001 | J1: 2002 | K1: 2003 | L1: 2004 | M1: 2005 | N1: 2006 | O1: 2007 | P1: 2008 | Q1: 2009 | R1: 2010 | S1: 2011 | T1: 2012 | U1: 2013 | V1: 2014 | W1: 2015 | X1: 2016 | Y1: 2017 | Z1: 2018 | AA1: 2019 | AB1: 2020 | AC1: 2021
A2: NE | B2: Khon Kaen | C2: 62512 | D2: 67612 | E2: 72141 | F2: 63392 | G2: 69125 | H2: 66556 | I2: 66324 | J2: 70862 | K2: 76994 | L2: 80677 | M2: 80538 | N2: 92180 | O2: 98618 | P2: 105213 | Q2: 110519 | R2: 112351 | S2: 117454 | T2: 131588 | U2: 125176 | V2: 124937 | W2: 126588 | X2: 126769 | Y2: 132027 | Z2: 136849 | AA2: 135169 | AB2: 130935 | AC2: 132615
A3: NE | B3: Udon Thani | C3: 33770 | D3: 36544 | E3: 37888 | F3: 34050 | G3: 35366 | H3: 37396 | I3: 35697 | J3: 38158 | K3: 42612 | L3: 42670 | M3: 41759 | N3: 43765 | O3: 49222 | P3: 47406 | Q3: 52171 | R3: 53399 | S3: 60063 | T3: 61787 | U3: 63793 | V3: 65708 | W3: 67665 | X3: 68264 | Y3: 69277 | Z3: 71375 | AA3: 71726 | AB3: 68995 | AC3: 71089
A4: NE | B4: Loei | C4: 11280 | D4: 12585 | E4: 12783 | F4: 12744 | G4: 13054 | H4: 14075 | I4: 13855 | J4: 14595 | K4: 14995 | L4: 15341 | M4: 15604 | N4: 16285 | O4: 17655 | P4: 17471 | Q4: 17919 | R4: 19442 | S4: 21808 | T4: 23951 | U4: 24554 | V4: 25944 | W4: 26696 | X4: 28228 | Y4: 30627 | Z4: 33994 | AA4: 33241 | AB4: 31437 | AC4: 32686
A5: NE | B5: Nong Khai | C5: 18665 | D5: 18648 | E5: 18487 | F5: 18797 | G5: 20995 | H5: 18447 | I5: 17954 | J5: 20520 | K5: 21503 | L5: 22533 | M5: 23274 | N5: 24222 | O5: 24125 | P5: 25525 | Q5: 27769 | R5: 29177 | S5: 21581 | T5: 21675 | U5: 21877 | V5: 21535 | W5: 22480 | X5: 23228 | Y5: 23734 | Z5: 23528 | AA5: 23910 | AB5: 24139 | AC5: 25096
A6: NE | B6: Mukdahan | C6: 6872 | D6: 7289 | E6: 7050 | F6: 6522 | G6: 6881 | H6: 7617 | I6: 7477 | J6: 7908 | K6: 8654 | L6: 8730 | M6: 8733 | N6: 9089 | O6: 9630 | P6: 9648 | Q6: 10416 | R6: 10798 | S6: 12498 | T6: 12577 | U6: 13933 | V6: 14134 | W6: 14615 | X6: 15044 | Y6: 16236 | Z6: 16530 | AA6: 17319 | AB6: 16223 | AC6: 17534
A7: NE | B7: Nakhon Phanom | C7: 11537 | D7: 12986 | E7: 12161 | F7: 12824 | G7: 14513 | H7: 13802 | I7: 13617 | J7: 13867 | K7: 14948 | L7: 14622 | M7: 14669 | N7: 15238 | O7: 15649 | P7: 16106 | Q7: 17635 | R7: 18703 | S7: 19896 | T7: 22914 | U7: 22475 | V7: 22149 | W7: 22863 | X7: 24192 | Y7: 24355 | Z7: 23762 | AA7: 24269 | AB7: 25052 | AC7: 26042
A8: NE | B8: Sakon Nakhon | C8: 18362 | D8: 20706 | E8: 18135 | F8: 17875 | G8: 19229 | H8: 20028 | I8: 21077 | J8: 21076 | K8: 23442 | L8: 24900 | M8: 26012 | N8: 23637 | O8: 23936 | P8: 24155 | Q8: 25822 | R8: 26236 | S8: 27347 | T8: 29775 | U8: 30313 | V8: 29899 | W8: 30798 | X8: 33157 | Y8: 33673 | Z8: 34790 | AA8: 34643 | AB8: 36375 | AC8: 37075
A9: NE | B9: Kalasin | C9: 14664 | D9: 14730 | E9: 14707 | F9: 16160 | G9: 15493 | H9: 16680 | I9: 16711 | J9: 18065 | K9: 20280 | L9: 21370 | M9: 20882 | N9: 22519 | O9: 24127 | P9: 23507 | Q9: 25372 | R9: 26086 | S9: 28779 | T9: 30268 | U9: 30538 | V9: 31043 | W9: 31805 | X9: 32695 | Y9: 33251 | Z9: 37024 | AA9: 36104 | AB9: 34565 | AC9: 35750
A10: NE | B10: Nakhon Ratchasima | C10: 90389 | D10: 99686 | E10: 99867 | F10: 86903 | G10: 91251 | H10: 94455 | I10: 96450 | J10: 102990 | K10: 114223 | L10: 116907 | M10: 121066 | N10: 125922 | O10: 132000 | P10: 123862 | Q10: 129332 | R10: 136064 | S10: 147251 | T10: 160851 | U10: 160624 | V10: 160847 | W10: 163289 | X10: 168843 | Y10: 177028 | Z10: 187488 | AA10: 185904 | AB10: 183955 | AC10: 194006
A11: NE | B11: Chaiyaphum | C11: 18978 | D11: 21052 | E11: 20257 | F11: 19116 | G11: 20570 | H11: 22456 | I11: 22918 | J11: 22122 | K11: 24567 | L11: 24175 | M11: 23496 | N11: 25449 | O11: 27100 | P11: 27663 | Q11: 30080 | R11: 30583 | S11: 33354 | T11: 34967 | U11: 35232 | V11: 34526 | W11: 35455 | X11: 37594 | Y11: 38257 | Z11: 40427 | AA11: 38915 | AB11: 38898 | AC11: 39794
A12: NE | B12: Yasothon | C12: 8585 | D12: 8735 | E12: 9025 | F12: 9029 | G12: 9236 | H12: 9690 | I12: 9879 | J12: 10215 | K12: 11041 | L12: 11647 | M12: 11430 | N12: 11797 | O12: 12017 | P12: 11970 | Q12: 12549 | R12: 14126 | S12: 14773 | T12: 15456 | U12: 15806 | V12: 15675 | W12: 15405 | X12: 16139 | Y12: 16225 | Z12: 16779 | AA12: 16689 | AB12: 17636 | AC12: 18311
A13: NE | B13: Ubon Ratchathani | C13: 35372 | D13: 38000 | E13: 39245 | F13: 37406 | G13: 39976 | H13: 36925 | I13: 37702 | J13: 41748 | K13: 44521 | L13: 44521 | M13: 46029 | N13: 46539 | O13: 47287 | P13: 47368 | Q13: 50868 | R13: 56302 | S13: 60436 | T13: 66380 | U13: 69736 | V13: 65343 | W13: 69783 | X13: 72986 | Y13: 77070 | Z13: 76485 | AA13: 76531 | AB13: 78127 | AC13: 80456
... A58: EA | B58: Nakhon Nayok | C58: 7345 | D58: 8099 | E58: 8231 | F58: 8552 | G58: 9339 | H58: 9685 | I58: 11105 | J58: 11566 | K58: 12379 | L58: 11777 | M58: 11898 | N58: 11744 | O58: 12308 | P58: 12281 | Q58: 12615 | R58: 13681 | S58: 14129 | T58: 15290 | U58: 15311 | V58: 14893 | W58: 15328 | X58: 15732 | Y58: 16219 | Z58: 18072 | AA58: 18302 | AB58: 18587 | AC58: 18009
A59: EA | B59: Prachin Buri | C59: 32970 | D59: 34991 | E59: 47546 | F59: 44296 | G59: 41926 | H59: 45293 | I59: 43535 | J59: 67583 | K59: 85551 | L59: 96275 | M59: 108498 | N59: 120676 | O59: 150369 | P59: 167199 | Q59: 167652 | R59: 184418 | S59: 145848 | T59: 208268 | U59: 180417 | V59: 184119 | W59: 177569 | X59: 205188 | Y59: 251950 | Z59: 273399 | AA59: 300183 | AB59: 278204 | AC59: 271868 | AH59: {=_xlfn.XLOOKUP("Trat",Allprovinces[province],_xlfn.XLOOKUP("1995",Allprovinces[[#Headers],[1995]:[2021]],Allprovinces[[1995]:[2021]]))} -> 17010
A60: EA | B60: Sa Kaew | C60: 11178 | D60: 12768 | E60: 12539 | F60: 12585 | G60: 12859 | H60: 13549 | I60: 13619 | J60: 14120 | K60: 15763 | L60: 15488 | M60: 16349 | N60: 17748 | O60: 19445 | P60: 18928 | Q60: 19379 | R60: 18756 | S60: 20397 | T60: 21949 | U60: 22408 | V60: 22954 | W60: 24148 | X60: 24908 | Y60: 26512 | Z60: 29571 | AA60: 29547 | AB60: 28225 | AC60: 29008
A61: WE | B61: Ratchaburi | C61: 47846 | D61: 49796 | E61: 50391 | F61: 47063 | G61: 55085 | H61: 55238 | I61: 64302 | J61: 76730 | K61: 81188 | L61: 85070 | M61: 87108 | N61: 89052 | O61: 89135 | P61: 87495 | Q61: 90291 | R61: 96776 | S61: 98362 | T61: 100715 | U61: 96358 | V61: 99889 | W61: 103406 | X61: 104317 | Y61: 104553 | Z61: 105298 | AA61: 102672 | AB61: 96166 | AC61: 97458
A62: WE | B62: Kanchanaburi | C62: 44455 | D62: 47359 | E62: 44861 | F62: 39719 | G62: 43395 | H62: 39402 | I62: 37842 | J62: 42680 | K62: 44130 | L62: 43400 | M62: 43008 | N62: 45069 | O62: 50660 | P62: 49215 | Q62: 50604 | R62: 48555 | S62: 53089 | T62: 56334 | U62: 57567 | V62: 57978 | W62: 58240 | X62: 58790 | Y62: 60455 | Z62: 68048 | AA62: 68646 | AB62: 63407 | AC62: 64492
A63: WE | B63: Phachuap Khiri Khan | C63: 33145 | D63: 34400 | E63: 32288 | F63: 28149 | G63: 35712 | H63: 38672 | I63: 38014 | J63: 39683 | K63: 42016 | L63: 44564 | M63: 46741 | N63: 50481 | O63: 49980 | P63: 51816 | Q63: 49247 | R63: 51631 | S63: 54780 | T63: 55158 | U63: 56381 | V63: 56406 | W63: 57397 | X63: 59522 | Y63: 65442 | Z63: 68925 | AA63: 69440 | AB63: 63441 | AC63: 64648
A64: WE | B64: Phetchaburi | C64: 21032 | D64: 22718 | E64: 23512 | F64: 24000 | G64: 29649 | H64: 31399 | I64: 29706 | J64: 30882 | K64: 31722 | L64: 34672 | M64: 35267 | N64: 36084 | O64: 37223 | P64: 36190 | Q64: 35973 | R64: 38005 | S64: 37015 | T64: 41006 | U64: 39821 | V64: 38429 | W64: 38596 | X64: 39218 | Y64: 42532 | Z64: 43344 | AA64: 45410 | AB64: 42980 | AC64: 43536
A65: WE | B65: Suphan Buri | C65: 29604 | D65: 34786 | E65: 33717 | F65: 33031 | G65: 34665 | H65: 35055 | I65: 34286 | J65: 35079 | K65: 39185 | L65: 39463 | M65: 38430 | N65: 39892 | O65: 41215 | P65: 42737 | Q65: 42680 | R65: 39745 | S65: 45405 | T65: 48806 | U65: 47155 | V65: 46968 | W65: 49387 | X65: 46365 | Y65: 48895 | Z65: 52610 | AA65: 51809 | AB65: 48833 | AC65: 49839
A66: WE | B66: Samut Songkhram | C66: 10457 | D66: 11158 | E66: 10893 | F66: 9848 | G66: 9337 | H66: 10354 | I66: 11696 | J66: 9547 | K66: 10321 | L66: 11006 | M66: 12180 | N66: 13046 | O66: 12466 | P66: 12653 | Q66: 12453 | R66: 11964 | S66: 12322 | T66: 11843 | U66: 11829 | V66: 12305 | W66: 12535 | X66: 12607 | Y66: 14833 | Z66: 15474 | AA66: 16023 | AB66: 16104 | AC66: 16860
A67: CE | B67: Saraburi | C67: 79020 | D67: 85258 | E67: 82438 | F67: 71764 | G67: 70699 | H67: 71848 | I67: 75434 | J67: 88339 | K67: 95648 | L67: 105159 | M67: 114056 | N67: 117840 | O67: 119150 | P67: 122202 | Q67: 131264 | R67: 137151 | S67: 135372 | T67: 148857 | U67: 146764 | V67: 149657 | W67: 151436 | X67: 156814 | Y67: 155160 | Z67: 159958 | AA67: 159799 | AB67: 151412 | AC67: 153891
A68: CE | B68: Singburi | C68: 11491 | D68: 12189 | E68: 12113 | F68: 11742 | G68: 11368 | H68: 12509 | I68: 12369 | J68: 12760 | K68: 14275 | L68: 14635 | M68: 14947 | N68: 15263 | O68: 16211 | P68: 16156 | Q68: 16883 | R68: 16511 | S68: 17008 | T68: 18069 | U68: 17460 | V68: 16391 | W68: 15506 | X68: 15547 | Y68: 16219 | Z68: 16854 | AA68: 16717 | AB68: 15455 | AC68: 15615
A69: CE | B69: Chai Nat | C69: 15775 | D69: 16464 | E69: 16246 | F69: 15400 | G69: 15365 | H69: 15879 | I69: 16534 | J69: 16669 | K69: 16789 | L69: 16194 | M69: 16477 | N69: 15616 | O69: 16106 | P69: 16921 | Q69: 16292 | R69: 15371 | S69: 16623 | T69: 20456 | U69: 19896 | V69: 18494 | W69: 16731 | X69: 16754 | Y69: 18923 | Z69: 20402 | AA69: 20807 | AB69: 19738 | AC69: 20915
A70: CE | B70: Ang Thong | C70: 11999 | D70: 13110 | E70: 13068 | F70: 12904 | G70: 12324 | H70: 12143 | I70: 12024 | J70: 12800 | K70: 13902 | L70: 14273 | M70: 14400 | N70: 14750 | O70: 14909 | P70: 15053 | Q70: 14384 | R70: 13102 | S70: 14354 | T70: 17867 | U70: 16487 | V70: 16125 | W70: 15919 | X70: 16569 | Y70: 18036 | Z70: 19022 | AA70: 19009 | AB70: 18181 | AC70: 17768
A71: CE | B71: Lop Buri | C71: 35433 | D71: 41612 | E71: 39841 | F71: 36514 | G71: 34976 | H71: 37649 | I71: 41195 | J71: 46761 | K71: 48382 | L71: 47038 | M71: 49425 | N71: 47495 | O71: 45507 | P71: 45640 | Q71: 48884 | R71: 48323 | S71: 50838 | T71: 60409 | U71: 60200 | V71: 60247 | W71: 58638 | X71: 60131 | Y71: 64215 | Z71: 64515 | AA71: 65121 | AB71: 61104 | AC71: 62435
... A78: BKK&VIC | B78: Nonthaburi | C78: 73893 | D78: 74370 | E78: 72867 | F78: 75780 | G78: 73111 | H78: 75593 | I78: 79500 | J78: 84586 | K78: 90235 | L78: 97968 | M78: 110042 | N78: 120028 | O78: 127032 | P78: 130684 | Q78: 137612 | R78: 147424 | S78: 143433 | T78: 157544 | U78: 171521 | V78: 190508 | W78: 202227 | X78: 210561 | Y78: 227811 | Z78: 231039 | AA78: 245207 | AB78: 244091 | AC78: 244519

Sheet cleanprovinces
A1: region | B1: province | C1: 1995 | D1: 1996 | E1: 1997 | F1: 1998 | G1: 1999 | H1: 2000 | I1: 2001 | J1: 2002 | K1: 2003 | L1: 2004 | M1: 2005 | N1: 2006 | O1: 2007 | P1: 2008 | Q1: 2009 | R1: 2010 | S1: 2011 | T1: 2012 | U1: 2013 | V1: 2014 | W1: 2015 | X1: 2016 | Y1: 2017 | Z1: 2018 | AA1: 2019 | AB1: 2020 | AC1: 2021
A2: NE | B2: Khon Kaen | C2: 62512 | D2: 67612 | E2: 72141 | F2: 63392 | G2: 69125 | H2: 66556 | I2: 66324 | J2: 70862 | K2: 76994 | L2: 80677 | M2: 80538 | N2: 92180 | O2: 98618 | P2: 105213 | Q2: 110519 | R2: 112351 | S2: 117454 | T2: 131588 | U2: 125176 | V2: 124937 | W2: 126588 | X2: 126769 | Y2: 132027 | Z2: 136849 | AA2: 135169 | AB2: 130935 | AC2: 132615
A3: NE | B3: Udon Thani | C3: 33770 | D3: 36544 | E3: 37888 | F3: 34050 | G3: 35366 | H3: 37396 | I3: 35697 | J3: 38158 | K3: 42612 | L3: 42670 | M3: 41759 | N3: 43765 | O3: 49222 | P3: 47406 | Q3: 52171 | R3: 53399 | S3: 60063 | T3: 61787 | U3: 63793 | V3: 65708 | W3: 67665 | X3: 68264 | Y3: 69277 | Z3: 71375 | AA3: 71726 | AB3: 68995 | AC3: 71089
A4: NE | B4: Loei | C4: 11280 | D4: 12585 | E4: 12783 | F4: 12744 | G4: 13054 | H4: 14075 | I4: 13855 | J4: 14595 | K4: 14995 | L4: 15341 | M4: 15604 | N4: 16285 | O4: 17655 | P4: 17471 | Q4: 17919 | R4: 19442 | S4: 21808 | T4: 23951 | U4: 24554 | V4: 25944 | W4: 26696 | X4: 28228 | Y4: 30627 | Z4: 33994 | AA4: 33241 | AB4: 31437 | AC4: 32686
A5: NE | B5: Nong Khai | C5: 18665 | D5: 18648 | E5: 18487 | F5: 18797 | G5: 20995 | H5: 18447 | I5: 17954 | J5: 20520 | K5: 21503 | L5: 22533 | M5: 23274 | N5: 24222 | O5: 24125 | P5: 25525 | Q5: 27769 | R5: 29177 | S5: 21581 | T5: 21675 | U5: 21877 | V5: 21535 | W5: 22480 | X5: 23228 | Y5: 23734 | Z5: 23528 | AA5: 23910 | AB5: 24139 | AC5: 25096
A6: NE | B6: Mukdahan | C6: 6872 | D6: 7289 | E6: 7050 | F6: 6522 | G6: 6881 | H6: 7617 | I6: 7477 | J6: 7908 | K6: 8654 | L6: 8730 | M6: 8733 | N6: 9089 | O6: 9630 | P6: 9648 | Q6: 10416 | R6: 10798 | S6: 12498 | T6: 12577 | U6: 13933 | V6: 14134 | W6: 14615 | X6: 15044 | Y6: 16236 | Z6: 16530 | AA6: 17319 | AB6: 16223 | AC6: 17534
A7: NE | B7: Nakhon Phanom | C7: 11537 | D7: 12986 | E7: 12161 | F7: 12824 | G7: 14513 | H7: 13802 | I7: 13617 | J7: 13867 | K7: 14948 | L7: 14622 | M7: 14669 | N7: 15238 | O7: 15649 | P7: 16106 | Q7: 17635 | R7: 18703 | S7: 19896 | T7: 22914 | U7: 22475 | V7: 22149 | W7: 22863 | X7: 24192 | Y7: 24355 | Z7: 23762 | AA7: 24269 | AB7: 25052 | AC7: 26042
A8: NE | B8: Sakon Nakhon | C8: 18362 | D8: 20706 | E8: 18135 | F8: 17875 | G8: 19229 | H8: 20028 | I8: 21077 | J8: 21076 | K8: 23442 | L8: 24900 | M8: 26012 | N8: 23637 | O8: 23936 | P8: 24155 | Q8: 25822 | R8: 26236 | S8: 27347 | T8: 29775 | U8: 30313 | V8: 29899 | W8: 30798 | X8: 33157 | Y8: 33673 | Z8: 34790 | AA8: 34643 | AB8: 36375 | AC8: 37075
A9: NE | B9: Kalasin | C9: 14664 | D9: 14730 | E9: 14707 | F9: 16160 | G9: 15493 | H9: 16680 | I9: 16711 | J9: 18065 | K9: 20280 | L9: 21370 | M9: 20882 | N9: 22519 | O9: 24127 | P9: 23507 | Q9: 25372 | R9: 26086 | S9: 28779 | T9: 30268 | U9: 30538 | V9: 31043 | W9: 31805 | X9: 32695 | Y9: 33251 | Z9: 37024 | AA9: 36104 | AB9: 34565 | AC9: 35750
A10: NE | B10: Nakhon Ratchasima | C10: 90389 | D10: 99686 | E10: 99867 | F10: 86903 | G10: 91251 | H10: 94455 | I10: 96450 | J10: 102990 | K10: 114223 | L10: 116907 | M10: 121066 | N10: 125922 | O10: 132000 | P10: 123862 | Q10: 129332 | R10: 136064 | S10: 147251 | T10: 160851 | U10: 160624 | V10: 160847 | W10: 163289 | X10: 168843 | Y10: 177028 | Z10: 187488 | AA10: 185904 | AB10: 183955 | AC10: 194006
A11: NE | B11: Chaiyaphum | C11: 18978 | D11: 21052 | E11: 20257 | F11: 19116 | G11: 20570 | H11: 22456 | I11: 22918 | J11: 22122 | K11: 24567 | L11: 24175 | M11: 23496 | N11: 25449 | O11: 27100 | P11: 27663 | Q11: 30080 | R11: 30583 | S11: 33354 | T11: 34967 | U11: 35232 | V11: 34526 | W11: 35455 | X11: 37594 | Y11: 38257 | Z11: 40427 | AA11: 38915 | AB11: 38898 | AC11: 39794
A12: NE | B12: Yasothon | C12: 8585 | D12: 8735 | E12: 9025 | F12: 9029 | G12: 9236 | H12: 9690 | I12: 9879 | J12: 10215 | K12: 11041 | L12: 11647 | M12: 11430 | N12: 11797 | O12: 12017 | P12: 11970 | Q12: 12549 | R12: 14126 | S12: 14773 | T12: 15456 | U12: 15806 | V12: 15675 | W12: 15405 | X12: 16139 | Y12: 16225 | Z12: 16779 | AA12: 16689 | AB12: 17636 | AC12: 18311
... A58: EA | B58: Nakhon Nayok | C58: 7345 | D58: 8099 | E58: 8231 | F58: 8552 | G58: 9339 | H58: 9685 | I58: 11105 | J58: 11566 | K58: 12379 | L58: 11777 | M58: 11898 | N58: 11744 | O58: 12308 | P58: 12281 | Q58: 12615 | R58: 13681 | S58: 14129 | T58: 15290 | U58: 15311 | V58: 14893 | W58: 15328 | X58: 15732 | Y58: 16219 | Z58: 18072 | AA58: 18302 | AB58: 18587 | AC58: 18009
A59: EA | B59: Prachin Buri | C59: 32970 | D59: 34991 | E59: 47546 | F59: 44296 | G59: 41926 | H59: 45293 | I59: 43535 | J59: 67583 | K59: 85551 | L59: 96275 | M59: 108498 | N59: 120676 | O59: 150369 | P59: 167199 | Q59: 167652 | R59: 184418 | S59: 145848 | T59: 208268 | U59: 180417 | V59: 184119 | W59: 177569 | X59: 205188 | Y59: 251950 | Z59: 273399 | AA59: 300183 | AB59: 278204 | AC59: 271868 | AH59: 17010
A60: EA | B60: Sa Kaew | C60: 11178 | D60: 12768 | E60: 12539 | F60: 12585 | G60: 12859 | H60: 13549 | I60: 13619 | J60: 14120 | K60: 15763 | L60: 15488 | M60: 16349 | N60: 17748 | O60: 19445 | P60: 18928 | Q60: 19379 | R60: 18756 | S60: 20397 | T60: 21949 | U60: 22408 | V60: 22954 | W60: 24148 | X60: 24908 | Y60: 26512 | Z60: 29571 | AA60: 29547 | AB60: 28225 | AC60: 29008
A61: WE | B61: Ratchaburi | C61: 47846 | D61: 49796 | E61: 50391 | F61: 47063 | G61: 55085 | H61: 55238 | I61: 64302 | J61: 76730 | K61: 81188 | L61: 85070 | M61: 87108 | N61: 89052 | O61: 89135 | P61: 87495 | Q61: 90291 | R61: 96776 | S61: 98362 | T61: 100715 | U61: 96358 | V61: 99889 | W61: 103406 | X61: 104317 | Y61: 104553 | Z61: 105298 | AA61: 102672 | AB61: 96166 | AC61: 97458
A62: WE | B62: Kanchanaburi | C62: 44455 | D62: 47359 | E62: 44861 | F62: 39719 | G62: 43395 | H62: 39402 | I62: 37842 | J62: 42680 | K62: 44130 | L62: 43400 | M62: 43008 | N62: 45069 | O62: 50660 | P62: 49215 | Q62: 50604 | R62: 48555 | S62: 53089 | T62: 56334 | U62: 57567 | V62: 57978 | W62: 58240 | X62: 58790 | Y62: 60455 | Z62: 68048 | AA62: 68646 | AB62: 63407 | AC62: 64492
A63: WE | B63: Phachuap Khiri Khan | C63: 33145 | D63: 34400 | E63: 32288 | F63: 28149 | G63: 35712 | H63: 38672 | I63: 38014 | J63: 39683 | K63: 42016 | L63: 44564 | M63: 46741 | N63: 50481 | O63: 49980 | P63: 51816 | Q63: 49247 | R63: 51631 | S63: 54780 | T63: 55158 | U63: 56381 | V63: 56406 | W63: 57397 | X63: 59522 | Y63: 65442 | Z63: 68925 | AA63: 69440 | AB63: 63441 | AC63: 64648
A64: WE | B64: Phetchaburi | C64: 21032 | D64: 22718 | E64: 23512 | F64: 24000 | G64: 29649 | H64: 31399 | I64: 29706 | J64: 30882 | K64: 31722 | L64: 34672 | M64: 35267 | N64: 36084 | O64: 37223 | P64: 36190 | Q64: 35973 | R64: 38005 | S64: 37015 | T64: 41006 | U64: 39821 | V64: 38429 | W64: 38596 | X64: 39218 | Y64: 42532 | Z64: 43344 | AA64: 45410 | AB64: 42980 | AC64: 43536
A65: WE | B65: Suphan Buri | C65: 29604 | D65: 34786 | E65: 33717 | F65: 33031 | G65: 34665 | H65: 35055 | I65: 34286 | J65: 35079 | K65: 39185 | L65: 39463 | M65: 38430 | N65: 39892 | O65: 41215 | P65: 42737 | Q65: 42680 | R65: 39745 | S65: 45405 | T65: 48806 | U65: 47155 | V65: 46968 | W65: 49387 | X65: 46365 | Y65: 48895 | Z65: 52610 | AA65: 51809 | AB65: 48833 | AC65: 49839
A66: WE | B66: Samut Songkhram | C66: 10457 | D66: 11158 | E66: 10893 | F66: 9848 | G66: 9337 | H66: 10354 | I66: 11696 | J66: 9547 | K66: 10321 | L66: 11006 | M66: 12180 | N66: 13046 | O66: 12466 | P66: 12653 | Q66: 12453 | R66: 11964 | S66: 12322 | T66: 11843 | U66: 11829 | V66: 12305 | W66: 12535 | X66: 12607 | Y66: 14833 | Z66: 15474 | AA66: 16023 | AB66: 16104 | AC66: 16860
A67: CE | B67: Saraburi | C67: 79020 | D67: 85258 | E67: 82438 | F67: 71764 | G67: 70699 | H67: 71848 | I67: 75434 | J67: 88339 | K67: 95648 | L67: 105159 | M67: 114056 | N67: 117840 | O67: 119150 | P67: 122202 | Q67: 131264 | R67: 137151 | S67: 135372 | T67: 148857 | U67: 146764 | V67: 149657 | W67: 151436 | X67: 156814 | Y67: 155160 | Z67: 159958 | AA67: 159799 | AB67: 151412 | AC67: 153891
A68: CE | B68: Singburi | C68: 11491 | D68: 12189 | E68: 12113 | F68: 11742 | G68: 11368 | H68: 12509 | I68: 12369 | J68: 12760 | K68: 14275 | L68: 14635 | M68: 14947 | N68: 15263 | O68: 16211 | P68: 16156 | Q68: 16883 | R68: 16511 | S68: 17008 | T68: 18069 | U68: 17460 | V68: 16391 | W68: 15506 | X68: 15547 | Y68: 16219 | Z68: 16854 | AA68: 16717 | AB68: 15455 | AC68: 15615
A69: CE | B69: Chai Nat | C69: 15775 | D69: 16464 | E69: 16246 | F69: 15400 | G69: 15365 | H69: 15879 | I69: 16534 | J69: 16669 | K69: 16789 | L69: 16194 | M69: 16477 | N69: 15616 | O69: 16106 | P69: 16921 | Q69: 16292 | R69: 15371 | S69: 16623 | T69: 20456 | U69: 19896 | V69: 18494 | W69: 16731 | X69: 16754 | Y69: 18923 | Z69: 20402 | AA69: 20807 | AB69: 19738 | AC69: 20915
A70: CE | B70: Ang Thong | C70: 11999 | D70: 13110 | E70: 13068 | F70: 12904 | G70: 12324 | H70: 12143 | I70: 12024 | J70: 12800 | K70: 13902 | L70: 14273 | M70: 14400 | N70: 14750 | O70: 14909 | P70: 15053 | Q70: 14384 | R70: 13102 | S70: 14354 | T70: 17867 | U70: 16487 | V70: 16125 | W70: 15919 | X70: 16569 | Y70: 18036 | Z70: 19022 | AA70: 19009 | AB70: 18181 | AC70: 17768
A71: CE | B71: Lop Buri | C71: 35433 | D71: 41612 | E71: 39841 | F71: 36514 | G71: 34976 | H71: 37649 | I71: 41195 | J71: 46761 | K71: 48382 | L71: 47038 | M71: 49425 | N71: 47495 | O71: 45507 | P71: 45640 | Q71: 48884 | R71: 48323 | S71: 50838 | T71: 60409 | U71: 60200 | V71: 60247 | W71: 58638 | X71: 60131 | Y71: 64215 | Z71: 64515 | AA71: 65121 | AB71: 61104 | AC71: 62435
... A78: BKK&VIC | B78: Nonthaburi | C78: 73893 | D78: 74370 | E78: 72867 | F78: 75780 | G78: 73111 | H78: 75593 | I78: 79500 | J78: 84586 | K78: 90235 | L78: 97968 | M78: 110042 | N78: 120028 | O78: 127032 | P78: 130684 | Q78: 137612 | R78: 147424 | S78: 143433 | T78: 157544 | U78: 171521 | V78: 190508 | W78: 202227 | X78: 210561 | Y78: 227811 | Z78: 231039 | AA78: 245207 | AB78: 244091 | AC78: 244519

Sheet panel
A1: asdf_id | B1: shapeISO | C1: region | D1: province | E1: year | F1: total_sol | G1: mean_sol | H1: gpp(millions) | I1: gdp | J1: population(1,000 persons) | K1: pop | L1: gdppc | M1: xcoord | N1: ycoord
A2: 14 | B2: =_xlfn.XLOOKUP(D2,'[1]Viirs77-Sol'!$C$2:$C$694,'[1]Viirs77-Sol'!$A$2:$A$694) -> TH-10 | C2: =_xlfn.XLOOKUP(D2,cleanprovinces!$B:$B,cleanprovinces!$A:$A) -> BKK&VIC | D2: Bangkok | E2: 2014 | F2: {=_xlfn.XLOOKUP(D2&E2,'[1]Viirs77-Sol'!$C$2:$C$694&'[1]Viirs77-Sol'!$D$2:$D$694,'[1]Viirs77-Sol'!$E$2:$E$694)} -> 141994.31 | G2: {=_xlfn.XLOOKUP(B2&E2,'[2]Viirs77-Mean'!$A$2:$A$694&'[2]Viirs77-Mean'!$D$2:$D$694,'[2]Viirs77-Mean'!$E$2:$E$694)} -> 18.777261 | H2: {=_xlfn.XLOOKUP(D2,cleanprovinces!$B$2:$B$78,_xlfn.XLOOKUP(panel!E2,cleanprovinces!$C$1:$AC$1,cleanprovinces!$C$2:$AC$78,"no",0,1))} -> 3211833 | I2: =H2*1000000 -> 3211833000000 | J2: {=_xlfn.XLOOKUP(D2,[3]Sheet1!$B$2:$B$78,_xlfn.XLOOKUP(E2,[3]Sheet1!$C$1:$AC$1,[3]Sheet1!$C$2:$AC$78))} -> 8597 | K2: =J2*1000 -> 8597000 | L2: =I2/K2 -> 373599.28 | M2: {=_xlfn.XLOOKUP(A2:A617,[4]TH_xy!$C$2:$C$78,[4]TH_xy!$J$2:$J$78,"no")} -> 100.62366 | N2: {=_xlfn.XLOOKUP(A2:A617,[4]TH_xy!$C$2:$C$78,[4]TH_xy!$K$2:$K$78)} -> 13.771979
A3: 14 | B3: =_xlfn.XLOOKUP(D3,'[1]Viirs77-Sol'!$C$2:$C$694,'[1]Viirs77-Sol'!$A$2:$A$694) -> TH-10 | C3: =_xlfn.XLOOKUP(D3,cleanprovinces!$B:$B,cleanprovinces!$A:$A) -> BKK&VIC | D3: Bangkok | E3: 2015 | F3: {=_xlfn.XLOOKUP(D3&E3,'[1]Viirs77-Sol'!$C$2:$C$694&'[1]Viirs77-Sol'!$D$2:$D$694,'[1]Viirs77-Sol'!$E$2:$E$694)} -> 149370.13 | G3: {=_xlfn.XLOOKUP(B3&E3,'[2]Viirs77-Mean'!$A$2:$A$694&'[2]Viirs77-Mean'!$D$2:$D$694,'[2]Viirs77-Mean'!$E$2:$E$694)} -> 19.752636 | H3: {=_xlfn.XLOOKUP(D3,cleanprovinces!$B$2:$B$78,_xlfn.XLOOKUP(panel!E3,cleanprovinces!$C$1:$AC$1,cleanprovinces!$C$2:$AC$78,"no",0,1))} -> 3356196 | I3: =H3*1000000 -> 3356196000000 | J3: {=_xlfn.XLOOKUP(D3,[3]Sheet1!$B$2:$B$78,_xlfn.XLOOKUP(E3,[3]Sheet1!$C$1:$AC$1,[3]Sheet1!$C$2:$AC$78))} -> 8675 | K3: =J3*1000 -> 8675000 | L3: =I3/K3 -> 386881.38 | M3: 100.62366 | N3: 13.771979
A4: 14 | B4: =_xlfn.XLOOKUP(D4,'[1]Viirs77-Sol'!$C$2:$C$694,'[1]Viirs77-Sol'!$A$2:$A$694) -> TH-10 | C4: =_xlfn.XLOOKUP(D4,cleanprovinces!$B:$B,cleanprovinces!$A:$A) -> BKK&VIC | D4: Bangkok | E4: 2016 | F4: {=_xlfn.XLOOKUP(D4&E4,'[1]Viirs77-Sol'!$C$2:$C$694&'[1]Viirs77-Sol'!$D$2:$D$694,'[1]Viirs77-Sol'!$E$2:$E$694)} -> 155677.25 | G4: {=_xlfn.XLOOKUP(B4&E4,'[2]Viirs77-Mean'!$A$2:$A$694&'[2]Viirs77-Mean'!$D$2:$D$694,'[2]Viirs77-Mean'!$E$2:$E$694)} -> 20.586687 | H4: {=_xlfn.XLOOKUP(D4,cleanprovinces!$B$2:$B$78,_xlfn.XLOOKUP(panel!E4,cleanprovinces!$C$1:$AC$1,cleanprovinces!$C$2:$AC$78,"no",0,1))} -> 3503634 | I4: =H4*1000000 -> 3503634000000 | J4: {=_xlfn.XLOOKUP(D4,[3]Sheet1!$B$2:$B$78,_xlfn.XLOOKUP(E4,[3]Sheet1!$C$1:$AC$1,[3]Sheet1!$C$2:$AC$78))} -> 8753 | K4: =J4*1000 -> 8753000 | L4: =I4/K4 -> 400278.08 | M4: 100.62366 | N4: 13.771979
A5: 14 | B5: =_xlfn.XLOOKUP(D5,'[1]Viirs77-Sol'!$C$2:$C$694,'[1]Viirs77-Sol'!$A$2:$A$694) -> TH-10 | C5: =_xlfn.XLOOKUP(D5,cleanprovinces!$B:$B,cleanprovinces!$A:$A) -> BKK&VIC | D5: Bangkok | E5: 2017 | F5: {=_xlfn.XLOOKUP(D5&E5,'[1]Viirs77-Sol'!$C$2:$C$694&'[1]Viirs77-Sol'!$D$2:$D$694,'[1]Viirs77-Sol'!$E$2:$E$694)} -> 160395.52 | G5: {=_xlfn.XLOOKUP(B5&E5,'[2]Viirs77-Mean'!$A$2:$A$694&'[2]Viirs77-Mean'!$D$2:$D$694,'[2]Viirs77-Mean'!$E$2:$E$694)} -> 21.210629 | H5: {=_xlfn.XLOOKUP(D5,cleanprovinces!$B$2:$B$78,_xlfn.XLOOKUP(panel!E5,cleanprovinces!$C$1:$AC$1,cleanprovinces!$C$2:$AC$78,"no",0,1))} -> 3651844 | I5: =H5*1000000 -> 3651844000000 | J5: {=_xlfn.XLOOKUP(D5,[3]Sheet1!$B$2:$B$78,_xlfn.XLOOKUP(E5,[3]Sheet1!$C$1:$AC$1,[3]Sheet1!$C$2:$AC$78))} -> 8832 | K5: =J5*1000 -> 8832000 | L5: =I5/K5 -> 413478.71 | M5: 100.62366 | N5: 13.771979
A6: 14 | B6: =_xlfn.XLOOKUP(D6,'[1]Viirs77-Sol'!$C$2:$C$694,'[1]Viirs77-Sol'!$A$2:$A$694) -> TH-10 | C6: =_xlfn.XLOOKUP(D6,cleanprovinces!$B:$B,cleanprovinces!$A:$A) -> BKK&VIC | D6: Bangkok | E6: 2018 | F6: {=_xlfn.XLOOKUP(D6&E6,'[1]Viirs77-Sol'!$C$2:$C$694&'[1]Viirs77-Sol'!$D$2:$D$694,'[1]Viirs77-Sol'!$E$2:$E$694)} -> 167180.34 | G6: {=_xlfn.XLOOKUP(B6&E6,'[2]Viirs77-Mean'!$A$2:$A$694&'[2]Viirs77-Mean'!$D$2:$D$694,'[2]Viirs77-Mean'!$E$2:$E$694)} -> 22.10785 | H6: {=_xlfn.XLOOKUP(D6,cleanprovinces!$B$2:$B$78,_xlfn.XLOOKUP(panel!E6,cleanprovinces!$C$1:$AC$1,cleanprovinces!$C$2:$AC$78,"no",0,1))} -> 3838230 | I6: =H6*1000000 -> 3838230000000 | J6: {=_xlfn.XLOOKUP(D6,[3]Sheet1!$B$2:$B$78,_xlfn.XLOOKUP(E6,[3]Sheet1!$C$1:$AC$1,[3]Sheet1!$C$2:$AC$78))} -> 8912 | K6: =J6*1000 -> 8912000 | L6: =I6/K6 -> 430681.1 | M6: 100.62366 | N6: 13.771979
A7: 14 | B7: =_xlfn.XLOOKUP(D7,'[1]Viirs77-Sol'!$C$2:$C$694,'[1]Viirs77-Sol'!$A$2:$A$694) -> TH-10 | C7: =_xlfn.XLOOKUP(D7,cleanprovinces!$B:$B,cleanprovinces!$A:$A) -> BKK&VIC | D7: Bangkok | E7: 2019 | F7: {=_xlfn.XLOOKUP(D7&E7,'[1]Viirs77-Sol'!$C$2:$C$694&'[1]Viirs77-Sol'!$D$2:$D$694,'[1]Viirs77-Sol'!$E$2:$E$694)} -> 170700.03 | G7: {=_xlfn.XLOOKUP(B7&E7,'[2]Viirs77-Mean'!$A$2:$A$694&'[2]Viirs77-Mean'!$D$2:$D$694,'[2]Viirs77-Mean'!$E$2:$E$694)} -> 22.573292 | H7: {=_xlfn.XLOOKUP(D7,cleanprovinces!$B$2:$B$78,_xlfn.XLOOKUP(panel!E7,cleanprovinces!$C$1:$AC$1,cleanprovinces!$C$2:$AC$78,"no",0,1))} -> 3999343 | I7: =H7*1000000 -> 3999343000000 | J7: {=_xlfn.XLOOKUP(D7,[3]Sheet1!$B$2:$B$78,_xlfn.XLOOKUP(E7,[3]Sheet1!$C$1:$AC$1,[3]Sheet1!$C$2:$AC$78))} -> 8958 | K7: =J7*1000 -> 8958000 | L7: =I7/K7 -> 446454.9 | M7: 100.62366 | N7: 13.771979
A8: 14 | B8: =_xlfn.XLOOKUP(D8,'[1]Viirs77-Sol'!$C$2:$C$694,'[1]Viirs77-Sol'!$A$2:$A$694) -> TH-10 | C8: =_xlfn.XLOOKUP(D8,cleanprovinces!$B:$B,cleanprovinces!$A:$A) -> BKK&VIC | D8: Bangkok | E8: 2020 | F8: {=_xlfn.XLOOKUP(D8&E8,'[1]Viirs77-Sol'!$C$2:$C$694&'[1]Viirs77-Sol'!$D$2:$D$694,'[1]Viirs77-Sol'!$E$2:$E$694)} -> 170383.33 | G8: {=_xlfn.XLOOKUP(B8&E8,'[2]Viirs77-Mean'!$A$2:$A$694&'[2]Viirs77-Mean'!$D$2:$D$694,'[2]Viirs77-Mean'!$E$2:$E$694)} -> 22.531412 | H8: {=_xlfn.XLOOKUP(D8,cleanprovinces!$B$2:$B$78,_xlfn.XLOOKUP(panel!E8,cleanprovinces!$C$1:$AC$1,cleanprovinces!$C$2:$AC$78,"no",0,1))} -> 3749759 | I8: =H8*1000000 -> 3749759000000 | J8: {=_xlfn.XLOOKUP(D8,[3]Sheet1!$B$2:$B$78,_xlfn.XLOOKUP(E8,[3]Sheet1!$C$1:$AC$1,[3]Sheet1!$C$2:$AC$78))} -> 8999 | K8: =J8*1000 -> 8999000 | L8: =I8/K8 -> 416686.19 | M8: 100.62366 | N8: 13.771979
A9: 14 | B9: =_xlfn.XLOOKUP(D9,'[1]Viirs77-Sol'!$C$2:$C$694,'[1]Viirs77-Sol'!$A$2:$A$694) -> TH-10 | C9: =_xlfn.XLOOKUP(D9,cleanprovinces!$B:$B,cleanprovinces!$A:$A) -> BKK&VIC | D9: Bangkok | E9: 2021 | F9: {=_xlfn.XLOOKUP(D9&E9,'[1]Viirs77-Sol'!$C$2:$C$694&'[1]Viirs77-Sol'!$D$2:$D$694,'[1]Viirs77-Sol'!$E$2:$E$694)} -> 178175.72 | G9: {=_xlfn.XLOOKUP(B9&E9,'[2]Viirs77-Mean'!$A$2:$A$694&'[2]Viirs77-Mean'!$D$2:$D$694,'[2]Viirs77-Mean'!$E$2:$E$694)} -> 23.561874 | H9: {=_xlfn.XLOOKUP(D9,cleanprovinces!$B$2:$B$78,_xlfn.XLOOKUP(panel!E9,cleanprovinces!$C$1:$AC$1,cleanprovinces!$C$2:$AC$78,"no",0,1))} -> 3763549 | I9: =H9*1000000 -> 3763549000000 | J9: {=_xlfn.XLOOKUP(D9,[3]Sheet1!$B$2:$B$78,_xlfn.XLOOKUP(E9,[3]Sheet1!$C$1:$AC$1,[3]Sheet1!$C$2:$AC$78))} -> 9034 | K9: =J9*1000 -> 9034000 | L9: =I9/K9 -> 416598.3 | M9: 100.62366 | N9: 13.771979
A10: 27 | B10: =_xlfn.XLOOKUP(D10,'[1]Viirs77-Sol'!$C$2:$C$694,'[1]Viirs77-Sol'!$A$2:$A$694) -> TH-73 | C10: =_xlfn.XLOOKUP(D10,cleanprovinces!$B:$B,cleanprovinces!$A:$A) -> BKK&VIC | D10: Nakhon Pathom | E10: 2014 | F10: {=_xlfn.XLOOKUP(D10&E10,'[1]Viirs77-Sol'!$C$2:$C$694&'[1]Viirs77-Sol'!$D$2:$D$694,'[1]Viirs77-Sol'!$E$2:$E$694)} -> 35279.955 | G10: {=_xlfn.XLOOKUP(B10&E10,'[2]Viirs77-Mean'!$A$2:$A$694&'[2]Viirs77-Mean'!$D$2:$D$694,'[2]Viirs77-Mean'!$E$2:$E$694)} -> 3.5053045 | H10: {=_xlfn.XLOOKUP(D10,cleanprovinces!$B$2:$B$78,_xlfn.XLOOKUP(panel!E10,cleanprovinces!$C$1:$AC$1,cleanprovinces!$C$2:$AC$78,"no",0,1))} -> 198720 | I10: =H10*1000000 -> 198720000000 | J10: {=_xlfn.XLOOKUP(D10,[3]Sheet1!$B$2:$B$78,_xlfn.XLOOKUP(E10,[3]Sheet1!$C$1:$AC$1,[3]Sheet1!$C$2:$AC$78))} -> 1056 | K10: =J10*1000 -> 1056000 | L10: =I10/K10 -> 188181.82 | M10: 100.10608 | N10: 13.923303
A11: 27 | B11: =_xlfn.XLOOKUP(D11,'[1]Viirs77-Sol'!$C$2:$C$694,'[1]Viirs77-Sol'!$A$2:$A$694) -> TH-73 | C11: =_xlfn.XLOOKUP(D11,cleanprovinces!$B:$B,cleanprovinces!$A:$A) -> BKK&VIC | D11: Nakhon Pathom | E11: 2015 | F11: {=_xlfn.XLOOKUP(D11&E11,'[1]Viirs77-Sol'!$C$2:$C$694&'[1]Viirs77-Sol'!$D$2:$D$694,'[1]Viirs77-Sol'!$E$2:$E$694)} -> 37759.329 | G11: {=_xlfn.XLOOKUP(B11&E11,'[2]Viirs77-Mean'!$A$2:$A$694&'[2]Viirs77-Mean'!$D$2:$D$694,'[2]Viirs77-Mean'!$E$2:$E$694)} -> 3.7516472 | H11: {=_xlfn.XLOOKUP(D11,cleanprovinces!$B$2:$B$78,_xlfn.XLOOKUP(panel!E11,cleanprovinces!$C$1:$AC$1,cleanprovinces!$C$2:$AC$78,"no",0,1))} -> 210975 | I11: =H11*1000000 -> 210975000000 | J11: {=_xlfn.XLOOKUP(D11,[3]Sheet1!$B$2:$B$78,_xlfn.XLOOKUP(E11,[3]Sheet1!$C$1:$AC$1,[3]Sheet1!$C$2:$AC$78))} -> 1084 | K11: =J11*1000 -> 1084000 | L11: =I11/K11 -> 194626.38 | M11: 100.10608 | N11: 13.923303
A12: 27 | B12: =_xlfn.XLOOKUP(D12,'[1]Viirs77-Sol'!$C$2:$C$694,'[1]Viirs77-Sol'!$A$2:$A$694) -> TH-73 | C12: =_xlfn.XLOOKUP(D12,cleanprovinces!$B:$B,cleanprovinces!$A:$A) -> BKK&VIC | D12: Nakhon Pathom | E12: 2016 | F12: {=_xlfn.XLOOKUP(D12&E12,'[1]Viirs77-Sol'!$C$2:$C$694&'[1]Viirs77-Sol'!$D$2:$D$694,'[1]Viirs77-Sol'!$E$2:$E$694)} -> 39150.002 | G12: {=_xlfn.XLOOKUP(B12&E12,'[2]Viirs77-Mean'!$A$2:$A$694&'[2]Viirs77-Mean'!$D$2:$D$694,'[2]Viirs77-Mean'!$E$2:$E$694)} -> 3.8898201 | H12: {=_xlfn.XLOOKUP(D12,cleanprovinces!$B$2:$B$78,_xlfn.XLOOKUP(panel!E12,cleanprovinces!$C$1:$AC$1,cleanprovinces!$C$2:$AC$78,"no",0,1))} -> 217834 | I12: =H12*1000000 -> 217834000000 | J12: {=_xlfn.XLOOKUP(D12,[3]Sheet1!$B$2:$B$78,_xlfn.XLOOKUP(E12,[3]Sheet1!$C$1:$AC$1,[3]Sheet1!$C$2:$AC$78))} -> 1110 | K12: =J12*1000 -> 1110000 | L12: =I12/K12 -> 196246.85 | M12: 100.10608 | N12: 13.923303
A13: 27 | B13: =_xlfn.XLOOKUP(D13,'[1]Viirs77-Sol'!$C$2:$C$694,'[1]Viirs77-Sol'!$A$2:$A$694) -> TH-73 | C13: =_xlfn.XLOOKUP(D13,cleanprovinces!$B:$B,cleanprovinces!$A:$A) -> BKK&VIC | D13: Nakhon Pathom | E13: 2017 | F13: {=_xlfn.XLOOKUP(D13&E13,'[1]Viirs77-Sol'!$C$2:$C$694&'[1]Viirs77-Sol'!$D$2:$D$694,'[1]Viirs77-Sol'!$E$2:$E$694)} -> 42484.68 | G13: {=_xlfn.XLOOKUP(B13&E13,'[2]Viirs77-Mean'!$A$2:$A$694&'[2]Viirs77-Mean'!$D$2:$D$694,'[2]Viirs77-Mean'!$E$2:$E$694)} -> 4.2211431 | H13: {=_xlfn.XLOOKUP(D13,cleanprovinces!$B$2:$B$78,_xlfn.XLOOKUP(panel!E13,cleanprovinces!$C$1:$AC$1,cleanprovinces!$C$2:$AC$78,"no",0,1))} -> 224312 | I13: =H13*1000000 -> 224312000000 | J13: {=_xlfn.XLOOKUP(D13,[3]Sheet1!$B$2:$B$78,_xlfn.XLOOKUP(E13,[3]Sheet1!$C$1:$AC$1,[3]Sheet1!$C$2:$AC$78))} -> 1172 | K13: =J13*1000 -> 1172000 | L13: =I13/K13 -> 191392.49 | M13: 100.10608 | N13: 13.923303
A14: 27 | B14: =_xlfn.XLOOKUP(D14,'[1]Viirs77-Sol'!$C$2:$C$694,'[1]Viirs77-Sol'!$A$2:$A$694) -> TH-73 | C14: =_xlfn.XLOOKUP(D14,cleanprovinces!$B:$B,cleanprovinces!$A:$A) -> BKK&VIC | D14: Nakhon Pathom | E14: 2018 | F14: {=_xlfn.XLOOKUP(D14&E14,'[1]Viirs77-Sol'!$C$2:$C$694&'[1]Viirs77-Sol'!$D$2:$D$694,'[1]Viirs77-Sol'!$E$2:$E$694)} -> 43893.752 | G14: {=_xlfn.XLOOKUP(B14&E14,'[2]Viirs77-Mean'!$A$2:$A$694&'[2]Viirs77-Mean'!$D$2:$D$694,'[2]Viirs77-Mean'!$E$2:$E$694)} -> 4.361144 | H14: {=_xlfn.XLOOKUP(D14,cleanprovinces!$B$2:$B$78,_xlfn.XLOOKUP(panel!E14,cleanprovinces!$C$1:$AC$1,cleanprovinces!$C$2:$AC$78,"no",0,1))} -> 232815 | I14: =H14*1000000 -> 232815000000 | J14: {=_xlfn.XLOOKUP(D14,[3]Sheet1!$B$2:$B$78,_xlfn.XLOOKUP(E14,[3]Sheet1!$C$1:$AC$1,[3]Sheet1!$C$2:$AC$78))} -> 1186 | K14: =J14*1000 -> 1186000 | L14: =I14/K14 -> 196302.7 | M14: 100.10608 | N14: 13.923303
... A617: 48 | B617: =_xlfn.XLOOKUP(D617,'[1]Viirs77-Sol'!$C$2:$C$694,'[1]Viirs77-Sol'!$A$2:$A$694) -> TH-72 | C617: =_xlfn.XLOOKUP(D617,cleanprovinces!$B:$B,cleanprovinces!$A:$A) -> WE | D617: Suphan Buri | E617: 2021 | F617: {=_xlfn.XLOOKUP(D617&E617,'[1]Viirs77-Sol'!$C$2:$C$694&'[1]Viirs77-Sol'!$D$2:$D$694,'[1]Viirs77-Sol'!$E$2:$E$694)} -> 37658.173 | G617: {=_xlfn.XLOOKUP(B617&E617,'[2]Viirs77-Mean'!$A$2:$A$694&'[2]Viirs77-Mean'!$D$2:$D$694,'[2]Viirs77-Mean'!$E$2:$E$694)} -> 1.4468591 | H617: {=_xlfn.XLOOKUP(D617,cleanprovinces!$B$2:$B$78,_xlfn.XLOOKUP(panel!E617,cleanprovinces!$C$1:$AC$1,cleanprovinces!$C$2:$AC$78,"no",0,1))} -> 49839 | I617: =H617*1000000 -> 49839000000 | J617: {=_xlfn.XLOOKUP(D617,[3]Sheet1!$B$2:$B$78,_xlfn.XLOOKUP(E617,[3]Sheet1!$C$1:$AC$1,[3]Sheet1!$C$2:$AC$78))} -> 850 | K617: =J617*1000 -> 850000 | L617: =I617/K617 -> 58634.118 | M617: 99.899848 | N617: 14.606306
